{"cameraMode":{"drawMode":0,"name":"Shaded","section":"Shading Mode"},"sceneLighting":true,"audioPlay":false,"sceneViewState":{"showFog":true,"showMaterialUpdate":false,"showSkybox":true,"showFlares":true,"showImageEffects":true,"showParticleSystems":true},"in2DMode":false,"pivot":{"x":25.84067726135254,"y":3.9920568466186525,"z":-5.773923397064209},"rotation":{"x":-0.14828799664974214,"y":0.41449615359306338,"z":-0.067941814661026,"w":-0.8955265879631043},"size":13.56896686553955,"orthographic":false}