{"cameraMode":{"drawMode":0,"name":"Shaded","section":"Shading Mode"},"sceneLighting":false,"audioPlay":false,"sceneViewState":{"showFog":true,"showMaterialUpdate":false,"showSkybox":false,"showFlares":true,"showImageEffects":true,"showParticleSystems":true},"in2DMode":false,"pivot":{"x":17.629432678222658,"y":0.8596020340919495,"z":-5.163143634796143},"rotation":{"x":0.02012421377003193,"y":0.18274171650409699,"z":0.004961046390235424,"w":-0.9831920862197876},"size":3.8176052570343019,"orthographic":false}