{"cameraMode":{"drawMode":0,"name":"Shaded","section":"Shading Mode"},"sceneLighting":false,"audioPlay":false,"sceneViewState":{"showFog":true,"showMaterialUpdate":false,"showSkybox":false,"showFlares":true,"showImageEffects":true,"showParticleSystems":true},"in2DMode":false,"pivot":{"x":27.537656784057618,"y":2.1009931564331056,"z":-15.2299165725708},"rotation":{"x":0.1308005303144455,"y":0.8677659034729004,"z":-0.3214302062988281,"w":0.35638898611068728},"size":13.197065353393555,"orthographic":false}