{"cameraMode":{"drawMode":0,"name":"Shaded","section":"Shading Mode"},"sceneLighting":false,"audioPlay":false,"sceneViewState":{"showFog":true,"showMaterialUpdate":false,"showSkybox":false,"showFlares":true,"showImageEffects":true,"showParticleSystems":true},"in2DMode":false,"pivot":{"x":-6.827295303344727,"y":2.029139518737793,"z":26.492780685424806},"rotation":{"x":0.20081667602062226,"y":-0.48334944248199465,"z":0.11366517841815949,"w":0.8446587324142456},"size":7.311765193939209,"orthographic":false}