{"cameraMode":{"drawMode":0,"name":"Shaded","section":"Shading Mode"},"sceneLighting":false,"audioPlay":false,"sceneViewState":{"showFog":true,"showMaterialUpdate":false,"showSkybox":false,"showFlares":true,"showImageEffects":true,"showParticleSystems":true},"in2DMode":false,"pivot":{"x":21.964580535888673,"y":2.9931252002716066,"z":4.690201282501221},"rotation":{"x":-0.17625978589057923,"y":-0.6228546500205994,"z":0.14663518965244294,"w":-0.7481415271759033},"size":13.841923713684082,"orthographic":false}